Index,Sample#,Values
0,5,37.50694134711691
1,4,54.893139901605586
2,10,60.992156909366074
3,3,62.6177622886524
4,7,72.10648413207886
5,1,84.472047622821
6,12,95.91699834443057
7,6,141.38192173312044
8,11,150.89646185346058
9,2,189.50830501923826
10,8,331.68719480212184
11,9,577.751200227258
